"0","## 受理地"
"0","sheet_names <- excel_sheets(""data_input/第11表.xlsx"")"
"0",""
"0","list_zyurichi <- list()"
"0",""
"0","## 求人倍率系のデータは必要ないので、それはデータ整形しない。"
"0","set_diff_vec <- setdiff(1:length(sheet_names), c(5, 6, 11, 12))"
"0",""
"0","## データの形も違う"
"0",""
"0","for(i in set_diff_vec){"
"0","     print(i)"
"0","     ## data reading"
"0","     data_i <- read_xlsx(""data_input/第11表.xlsx"","
"0","                         sheet = i,"
"0","                         skip = 1"
"0","                         ) %>%"
"0","          rename(month = ...3) %>%"
"0","          drop_na(month) %>% ## 年次の月平均データなどを落としている"
"0","          mutate( ## yearとmonthを整備"
"0","               year = str_remove(string = 西暦, pattern = ""年""),"
"0","               year = str_remove(string = year, pattern = ""度""),"
"0","               year = as.numeric(year),"
"0","               month = case_when("
"0","                    month == ""１月"" ~ 1,"
"0","                    month == ""２月"" ~ 2,"
"0","                    month == ""３月"" ~ 3,"
"0","                    month == ""４月"" ~ 4,"
"0","                    month == ""５月"" ~ 5,"
"0","                    month == ""６月"" ~ 6,"
"0","                    month == ""７月"" ~ 7,"
"0","                    month == ""８月"" ~ 8,"
"0","                    month == ""９月"" ~ 9,"
"0","                    month == ""10月"" ~ 10,"
"0","                    month == ""11月"" ~ 11,"
"0","                    month == ""12月"" ~ 12"
"0","               )"
"0","          ) %>%"
"0","          pivot_longer("
"0","               cols = ""全国"":""沖縄県"","
"0","               values_to = ""number"","
"0","               names_to = ""prefecture"""
"0","                       ) %>%"
"0","          mutate("
"0","               year_month = make_date(year = year, month = month, day = 1),"
"0","               data_type = sheet_names[i]) %>%"
"0","          select(prefecture, "
"0","                 data_type,"
"0","                 year_month,"
"0","                 year,"
"0","                 month,"
"0","                 number)"
"0",""
"0","     "
"0","     list_zyurichi[[i]] <- data_i"
"0","}"
"1","[1]"
"1"," 1"
"1","
"
"2","New names:"
"1","[1]"
"1"," 2"
"1","
"
"2","New names:"
"1","[1]"
"1"," 3"
"1","
"
"2","New names:"
"1","[1]"
"1"," 4"
"1","
"
"2","New names:"
"1","[1]"
"1"," 7"
"1","
"
"2","New names:"
"1","[1]"
"1"," 8"
"1","
"
"2","New names:"
"1","[1]"
"1"," 9"
"1","
"
"2","New names:"
"1","[1]"
"1"," 10"
"1","
"
"2","New names:"
"0","## listの中に入っているデータをleft_joinでつなげる"
"0","data_long <- list_zyurichi[[1]]"
"0",""
"0","for(i in setdiff(set_diff_vec, 1)){"
"0","     data_long <- data_long %>%"
"0","          bind_rows(list_zyurichi[[i]])"
"0","}"
"0",""
"0","## 単に、データの種類でwide型にする"
"0","prefecture_data <- data_long %>%"
"0","     filter(str_detect(string = data_type, pattern = ""実数"")) %>%"
"0","     mutate("
"0","          data_type = case_when("
"0","               str_detect(string = data_type, pattern = ""新規求人"") ~ ""vacancy_new"","
"0","               str_detect(string = data_type, pattern = ""新規求職"") ~ ""unemployed_new"","
"0","               str_detect(string = data_type, pattern = ""有効求人"") ~ ""vacancy_keep"","
"0","               str_detect(string = data_type, pattern = ""有効求職"") ~ ""unemployed_keep"","
"0","          )"
"0","     ) %>%"
"0","     pivot_wider("
"0","           names_from = ""data_type"","
"0","          values_from = ""number"""
"0","     )"
"0",""
"0","## 就業地（求人データは、就業地のほうがその県の現状を反映している）"
"0","sheet_names <- excel_sheets(""data_input/第18表.xlsx"")"
"0",""
"0","list_syugyochi <- list()"
"0",""
"0","## 求人倍率系のデータは必要ないので、それはデータ整形しない。"
"0","set_diff_vec <- 1:2 ## sheet3移行のデータは、求人倍率と季節調整値"
"0",""
"0",""
"0","for(i in set_diff_vec){"
"0","     print(i)"
"0","     ## data reading"
"0","     data_i <- read_xlsx(""data_input/第18表.xlsx"","
"0","                         sheet = i,"
"0","                         skip = 1"
"0","                         ) %>%"
"0","          rename(month = ...3) %>%"
"0","          drop_na(month) %>% ## 年次の月平均データなどを落としている"
"0","          mutate( ## yearとmonthを整備"
"0","               year = str_remove(string = 西暦, pattern = ""年""),"
"0","               year = str_remove(string = year, pattern = ""度""),"
"0","               year = as.numeric(year),"
"0","               month = case_when("
"0","                    month == ""１月"" ~ 1,"
"0","                    month == ""２月"" ~ 2,"
"0","                    month == ""３月"" ~ 3,"
"0","                    month == ""４月"" ~ 4,"
"0","                    month == ""５月"" ~ 5,"
"0","                    month == ""６月"" ~ 6,"
"0","                    month == ""７月"" ~ 7,"
"0","                    month == ""８月"" ~ 8,"
"0","                    month == ""９月"" ~ 9,"
"0","                    month == ""10月"" ~ 10,"
"0","                    month == ""11月"" ~ 11,"
"0","                    month == ""12月"" ~ 12"
"0","               )"
"0","          ) %>%"
"0","          pivot_longer("
"0","               cols = ""北海道"":""沖縄県"","
"0","               values_to = ""number"","
"0","               names_to = ""prefecture"""
"0","                       ) %>%"
"0","          mutate("
"0","               year_month = make_date(year = year, month = month, day = 1),"
"0","               data_type = sheet_names[i]) %>%"
"0","          select(prefecture, "
"0","                 data_type,"
"0","                 year_month,"
"0","                 year,"
"0","                 month,"
"0","                 number)"
"0",""
"0","     "
"0","     list_syugyochi[[i]] <- data_i"
"0","}"
"1","[1]"
"1"," 1"
"1","
"
"2","New names:"
"1","[1]"
"1"," 2"
"1","
"
"2","New names:"
"0","## listの中に入っているデータをleft_joinでつなげる"
"0","data_long <- list_syugyochi[[1]]"
"0",""
"0","data_long <- data_long %>%"
"0","     bind_rows(list_syugyochi[[2]])"
"0",""
"0",""
"0","## 単に、データの種類でwide型にする"
"0","prefecture_data_syugyochi <- data_long %>%"
"0","     mutate("
"0","          data_type = case_when("
"0","               str_detect(string = data_type, pattern = ""新規求人"") ~ ""vacancy_new_shugyo"","
"0","               str_detect(string = data_type, pattern = ""有効求人"") ~ ""vacancy_keep_shugyo"","
"0","          )"
"0","     ) %>%"
"0","     pivot_wider("
"0","           names_from = ""data_type"","
"0","          values_from = ""number"""
"0","     )"
