"0","data_prefecture <- vacancy_keep %>%"
"0","     left_join(vacancy_new, by = c(""prefecture"", ""year_month"", ""year"", ""month"", ""type"", ""contract_type"")) %>%"
"0","     left_join(unemployed_keep, by = c(""prefecture"", ""year_month"", ""year"", ""month"", ""type"", ""contract_type"")) %>%"
"0","     left_join(unemployed_new, by = c(""prefecture"", ""year_month"", ""year"", ""month"", ""type"", ""contract_type"")) %>%"
"0","     left_join(hire, by = c(""prefecture"", ""year_month"", ""year"", ""month"", ""type"", ""contract_type""))"
"0",""
"0","## 就業地ごとのvacancyをjoin、その他の値については同値よりjoinしない"
"0","prefecture_data_shugyochi <- prefecture_data %>%"
"0","        select(type, "
"0","               contract_type,"
"0","               prefecture,"
"0","               year_month, "
"0","               year, "
"0","               month,"
"0","               vacancy_new_shugyo,"
"0","               vacancy_keep_shugyo"
"0","               )"
"0",""
"0","data_prefecture <- data_prefecture %>%"
"0","     left_join(prefecture_data_shugyochi, by = c(""type"", ""contract_type"", "
"0","                                       ""prefecture"", ""year_month"", "
"0","                                       ""year"", ""month"")) "
"0",""
"0","## prefectureと日付以外のすべての変数を数値化"
"0","## 数値化する変数のベクトル"
"0","var_vec <- names(data_prefecture)"
"0","var_vec <- setdiff(var_vec, c(""year_month"", ""prefecture"", ""type"", ""contract_type""))"
"0",""
"0","for(i in var_vec){"
"0","     eval(parse(text = paste0("
"0","          ""data_prefecture <- data_prefecture %>% mutate("", i,"" = as.numeric("", i,""))"""
"0","               )"
"0","          )"
"0","     )"
"0","}"
"0",""
"0","## 変数をnumeric化"
"0","vec_name <- data_prefecture %>% names()"
"0","vec_name <- setdiff(vec_name, c(""prefecture"", ""year_month"", "
"0","                                ""contract_type"", ""type""))"
"0",""
"0","for(i in vec_name){"
"0","     eval("
"0","          parse(text = paste0("
"0","          ""data_prefecture <- data_prefecture %>% mutate("", i,"" = as.numeric("", i, ""))"""
"0","               )"
"0","          )"
"0","     )"
"0","}"
"0",""
"0","write_rds("
"0","     data_prefecture,"
"0","     file = ""data_output/vacancy_enemployed_hire_prefecture.rds"""
"0",")"
"0",""
"0","## data_prefectureの結果を確認"
"0","data_prefecture_hokkaido <- data_prefecture %>%"
"0","        filter("
"0","           prefecture == ""北海道"","
"0","                 type == ""both"","
"0","        contract_type == ""both"""
"0","               )"
