"0","sheet_names <- excel_sheets(""data_input/第21表.xlsx"")"
"0",""
"0","list_job_type <- list()"
"0",""
"0","## 求人倍率系のデータは必要ないので、それはデータ整形しない。"
"0","## データの形も違う"
"0","set_diff_vec <- setdiff(1:length(sheet_names), "
"0","                        c(6, 7, 13, 14, 20, 21))"
"0",""
"0","for(i in set_diff_vec){"
"0","     print(i)"
"0","     ## data reading"
"0","     data_i <- read_xlsx(""data_input/第21表.xlsx"","
"0","                         sheet = i,"
"0","                         skip = 1) %>%"
"0","          t() %>%"
"0","          as_tibble() "
"0","     "
"0","     ## 先にmonth. unit変数を作成"
"0","     data_i[1, 2] <- ""month"""
"0","     data_i[1, 3] <- ""unit"""
"0","     "
"0","     ## jobの種類情報を抜き出し"
"0","     job_info <- data_i[1, ]"
"0","     "
"0","     ## 変数名のrename"
"0","     names(data_i) <- job_info"
"0","     "
"0","     ## 一行目を欠損させる"
"0","     data_i <- data_i[-1, ]"
"0","     "
"0","     ## unitを除去し、ロング化"
"0","     data_i <- data_i %>%"
"0","          select(-unit,"
"0","                 -`（注１）平成23年改定「厚生労働省職業分類」に基づく区分。`,                    "
"0","                 -`（注２）介護関係職種は、「福祉施設指導専門員」、「その他の社会福祉の専門的職業」、「家政婦（夫）、家事手伝」、「介護サービスの職業」の合計。`,"
"0","                 -`（注３）年・年度別は月平均。` ) %>%"
"0","          pivot_longer(cols = ""職業計"":""介護関係職種（注２）"","
"0","                       values_to = sheet_names[i],"
"0","                       names_to = ""job_kinds"")"
"0","     "
"0","     ## month dummyの欠損している行を除去（年次平均データだと思われる）"
"0","     data_i <- data_i %>% drop_na(month)"
"0","     "
"0","     ## data.frame化"
"0","     data_i <- data_i %>% tibble()"
"0","     "
"0","     list_job_type[[i]] <- data_i"
"0","}"
"1","[1]"
"1"," 1"
"1","
"
"2","New names:"
"1","[1]"
"1"," 2"
"1","
"
"2","New names:"
"1","[1]"
"1"," 3"
"1","
"
"2","New names:"
"1","[1]"
"1"," 4"
"1","
"
"2","New names:"
"1","[1]"
"1"," 5"
"1","
"
"2","New names:"
"1","[1]"
"1"," 8"
"1","
"
"2","New names:"
"1","[1]"
"1"," 9"
"1","
"
"2","New names:"
"1","[1]"
"1"," 10"
"1","
"
"2","New names:"
"1","[1]"
"1"," 11"
"1","
"
"2","New names:"
"1","[1]"
"1"," 12"
"1","
"
"2","New names:"
"1","[1]"
"1"," 15"
"1","
"
"2","New names:"
"1","[1]"
"1"," 16"
"1","
"
"2","New names:"
"1","[1]"
"1"," 17"
"1","
"
"2","New names:"
"1","[1]"
"1"," 18"
"1","
"
"2","New names:"
"1","[1]"
"1"," 19"
"1","
"
"2","New names:"
"0","## listの中に入っているデータをleft_joinでつなげる"
"0","data_long <- list_job_type[[1]]"
"0",""
"0","for(i in setdiff(set_diff_vec, 1)){"
"0","     data_long <- data_long %>%"
"0","          left_join(list_job_type[[i]], by = c(""和暦"", ""month"", ""job_kinds""))"
"0","}"
"0",""
"0",""
"0","## マイナーな作業を以下で行う"
"0","## 和暦と月をcase_whenで変える。"
"0","data_long <- data_long %>%"
"0","     mutate("
"0","          year = case_when("
"0","               和暦 == ""平成24年"" ~ 2012,"
"0","               和暦 == ""平成25年"" ~ 2013,"
"0","               和暦 == ""平成26年"" ~ 2014,"
"0","               和暦 == ""平成27年"" ~ 2015,"
"0","               和暦 == ""平成28年"" ~ 2016,"
"0","               和暦 == ""平成29年"" ~ 2017,"
"0","               和暦 == ""平成30年"" ~ 2018,"
"0","               和暦 == ""平成31年"" ~ 2019,"
"0","               和暦 == ""令和元年"" ~ 2019,"
"0","               和暦 == ""令和2年"" ~ 2020,"
"0","               和暦 == ""令和3年"" ~ 2021,"
"0","               和暦 == ""令和4年"" ~ 2022,"
"0","               和暦 == ""令和5年"" ~ 2023"
"0","          ),"
"0","          month = case_when("
"0","               month == ""1月"" ~ 1,"
"0","               month == ""2月"" ~ 2,"
"0","               month == ""3月"" ~ 3,"
"0","               month == ""4月"" ~ 4,"
"0","               month == ""5月"" ~ 5,"
"0","               month == ""6月"" ~ 6,"
"0","               month == ""7月"" ~ 7,"
"0","               month == ""8月"" ~ 8,"
"0","               month == ""9月"" ~ 9,"
"0","               month == ""10月"" ~ 10,"
"0","               month == ""11月"" ~ 11,"
"0","               month == ""12月"" ~ 12"
"0","          ),"
"0","          year_month = make_date(year = year, month = as.numeric(month), day = 1)"
"0","     ) %>%"
"0","     select(-和暦)"
"0",""
"0","## パートを含むか含まないかで分ける"
"0","data_long_panel <- data_long %>%"
"0","     pivot_longer(cols = ""第２１表ー１　新規求人（パート含む常用）"" :""第２１表ー１９　就職件数（常用的パート）"" ,"
"0","                  names_to = ""variable_name"","
"0","                  values_to = ""number"")"
"0",""
"0","## 職業形態別変数を作成"
"0","data_long_panel <- data_long_panel %>%"
"0","     mutate("
"0","          type = case_when("
"0","               str_detect(variable_name, pattern = ""パート含む常用"") ~ ""both"","
"0","               str_detect(variable_name, pattern = ""パート除く常用"") ~ ""full-time"","
"0","               str_detect(variable_name, pattern = ""常用的パート"") ~ ""part-time"""
"0","               ))"
"0",""
"0","## 新規求人・有効求人・新規求職・有効求職・就職者件数変数の作成（かつ、wide化）"
"0","data_long_panel <- data_long_panel %>%"
"0","     mutate("
"0","          variable_type = case_when("
"0","          str_detect(variable_name, pattern = ""新規求人"") ~ ""vacancy_new"","
"0","          str_detect(variable_name, pattern = ""有効求人"") ~ ""vacancy_keep"","
"0","          str_detect(variable_name, pattern = ""新規求職"") ~ ""unemployed_new"","
"0","          str_detect(variable_name, pattern = ""有効求職"") ~ ""unemployed_keep"","
"0","          str_detect(variable_name, pattern = ""就職件数"") ~ ""hire"""
"0","     ))"
"0",""
"0","## 不必要な変数を除外し、各vacancy, unemployed, hireの変数を列にする"
"0","myd <- data_long_panel %>%"
"0","     select(-variable_name) %>%"
"0","     pivot_wider(names_from = ""variable_type"","
"0","                 values_from = ""number"") %>%"
"0","     select("
"0","          job_kinds,"
"0","          type,"
"0","          year_month,"
"0","          year,"
"0","          month,"
"0","          vacancy_new,"
"0","          vacancy_keep,"
"0","          unemployed_new,"
"0","          unemployed_keep,"
"0","          hire"
"0","     )"
"0",""
"0","## 必要な変数を数値化"
"0","var_vec <- c(""year"","
"0","             ""month"","
"0","             ""vacancy_new"","
"0","             ""vacancy_keep"","
"0","             ""unemployed_new"","
"0","             ""unemployed_keep"","
"0","             ""hire"""
"0","             )"
"0",""
"0","for(i in var_vec){"
"0","     eval("
"0","          parse(text = paste0("
"0","               ""myd <- myd %>% mutate("", i,"" = as.numeric("", i,""))"""
"0","               )"
"0","          )"
"0","     )"
"0","}"
"0",""
"0","write_rds("
"0","     myd,"
"0","     file = ""data_output/vacancy_unemployed_hire_job_type.rds"""
"0","          )"
