"0","## 受理地"
"0","sheet_names <- excel_sheets(""data_input/第15表.xlsx"")"
"0",""
"0","list_unemployed_keep <- list()"
"0",""
"0","## 求人倍率系のデータは必要ないので、それはデータ整形しない。"
"0","## データの形も違う"
"0",""
"0","for(i in 1:length(sheet_names)){"
"0","     print(i)"
"0","     ## data reading"
"0","     data_i <- read_xlsx(""data_input/第15表.xlsx"","
"0","                         sheet = i,"
"0","                         skip = 1"
"0","                         ) %>%"
"0","          rename(month = ...3) %>%"
"0","          drop_na(month) %>% ## 年次の月平均データなどを落としている"
"0","          mutate( ## yearとmonthを整備"
"0","               year = case_when("
"0","                    西暦 == ""2013年"" ~ 2013,"
"0","                    西暦 == ""2014年"" ~ 2014,"
"0","                    西暦 == ""2015年"" ~ 2015,"
"0","                    西暦 == ""2016年"" ~ 2016,"
"0","                    西暦 == ""2017年"" ~ 2017,"
"0","                    西暦 == ""2018年"" ~ 2018,"
"0","                    西暦 == ""2019年"" ~ 2019,"
"0","                    西暦 == ""2020年"" ~ 2020,"
"0","                    西暦 == ""2021年"" ~ 2021,"
"0","                    西暦 == ""2022年"" ~ 2022,"
"0","                    西暦 == ""2023年"" ~ 2023,"
"0","                    西暦 == ""2024年"" ~ 2024"
"0","               ),"
"0","               month = case_when("
"0","                    month == ""１月"" ~ 1,"
"0","                    month == ""２月"" ~ 2,"
"0","                    month == ""３月"" ~ 3,"
"0","                    month == ""４月"" ~ 4,"
"0","                    month == ""５月"" ~ 5,"
"0","                    month == ""６月"" ~ 6,"
"0","                    month == ""７月"" ~ 7,"
"0","                    month == ""８月"" ~ 8,"
"0","                    month == ""９月"" ~ 9,"
"0","                    month == ""10月"" ~ 10,"
"0","                    month == ""11月"" ~ 11,"
"0","                    month == ""12月"" ~ 12"
"0","               )"
"0","          ) %>%"
"0","          pivot_longer("
"0","               cols = ""全国"":""沖縄県"","
"0","               values_to = ""unemployed_keep"","
"0","               names_to = ""prefecture"""
"0","                       ) %>%"
"0","          mutate("
"0","               year_month = make_date(year = year, month = month, day = 1),"
"0","               data_type = sheet_names[i]) %>%"
"0","          select(prefecture, "
"0","                 data_type,"
"0","                 year_month,"
"0","                 year,"
"0","                 month,"
"0","                 unemployed_keep)"
"0",""
"0","     "
"0","     list_unemployed_keep[[i]] <- data_i"
"0","}"
"1","[1]"
"1"," 1"
"1","
"
"2","New names:"
"1","[1]"
"1"," 2"
"1","
"
"2","New names:"
"1","[1]"
"1"," 3"
"1","
"
"2","New names:"
"1","[1]"
"1"," 4"
"1","
"
"2","New names:"
"1","[1]"
"1"," 5"
"1","
"
"2","New names:"
"1","[1]"
"1"," 6"
"1","
"
"2","New names:"
"0","## listの中に入っているデータをleft_joinでつなげる"
"0","data_long <- list_unemployed_keep[[1]]"
"0",""
"0","for(i in setdiff(1:length(sheet_names), 1)){"
"0","     data_long <- data_long %>%"
"0","          bind_rows(list_unemployed_keep[[i]])"
"0","}"
"0",""
"0","## パートを含むかどうかで分ける"
"0","data_long <- data_long %>%"
"0","     mutate(type = case_when("
"0","          str_detect(data_type, pattern = ""パート含む一般"") ~ ""both"","
"0","          str_detect(data_type, pattern = ""パート除く一般"") ~ ""full-time"","
"0","          str_detect(data_type, pattern = ""一般パート"") ~ ""part-time"","
"0","          str_detect(data_type, pattern = ""パート含む常用"") ~ ""both"","
"0","          str_detect(data_type, pattern = ""パート除く常用"") ~ ""full-time"","
"0","          str_detect(data_type, pattern = ""常用的パート"") ~ ""part-time"","
"0","     ),"
"0","     contract_type = case_when("
"0","          str_detect(data_type, pattern = ""パート含む一般"") ~ ""both"","
"0","          str_detect(data_type, pattern = ""パート除く一般"") ~ ""both"","
"0","          str_detect(data_type, pattern = ""一般パート"") ~ ""both"","
"0","          str_detect(data_type, pattern = ""パート含む常用"") ~ ""long"","
"0","          str_detect(data_type, pattern = ""パート除く常用"") ~ ""long"","
"0","          str_detect(data_type, pattern = ""常用的パート"") ~ ""long"","
"0","     )"
"0","   )"
"0",""
"0","unemployed_keep <- data_long %>%"
"0","     select(-data_type) "
