{"working_dir":null,"default_chunk_options":{"echo":true},"chunk_definitions":[{"row":9,"row_count":1,"visible":true,"expansion_state":0,"options":{"engine":"r","label":"setup","include":false,"dev":"png"},"document_id":"D7A865C2","chunk_id":"csetup_chunk","chunk_label":"setup"},{"row":28,"row_count":1,"visible":true,"expansion_state":0,"options":{"engine":"r","label":"unnamed-chunk-177","dev":"png"},"document_id":"D7A865C2","chunk_id":"cxz1ubn3spg86","chunk_label":"unnamed-chunk-1"},{"row":196,"row_count":1,"visible":true,"expansion_state":0,"options":{"engine":"r","label":"unnamed-chunk-178","dev":"png"},"document_id":"D7A865C2","chunk_id":"cn0wlocgid7ab","chunk_label":"unnamed-chunk-2"},{"row":250,"row_count":1,"visible":true,"expansion_state":0,"options":{"engine":"r","label":"unnamed-chunk-204","dev":"png"},"document_id":"D7A865C2","chunk_id":"c6y2pf95r17lf","chunk_label":"unnamed-chunk-3"},{"row":357,"row_count":1,"visible":true,"expansion_state":0,"options":{"engine":"r","label":"unnamed-chunk-162","dev":"png"},"document_id":"D7A865C2","chunk_id":"c85pqxozegsoo","chunk_label":"unnamed-chunk-4"},{"row":460,"row_count":1,"visible":true,"expansion_state":0,"options":{"engine":"r","label":"unnamed-chunk-163","dev":"png"},"document_id":"D7A865C2","chunk_id":"cjb2ptr3l4h0l","chunk_label":"unnamed-chunk-5"},{"row":562,"row_count":1,"visible":true,"expansion_state":0,"options":{"engine":"r","label":"unnamed-chunk-164","dev":"png"},"document_id":"D7A865C2","chunk_id":"ctj06j902ccll","chunk_label":"unnamed-chunk-6"},{"row":665,"row_count":1,"visible":true,"expansion_state":0,"options":{"engine":"r","label":"unnamed-chunk-165","dev":"png"},"document_id":"D7A865C2","chunk_id":"cagifg9meady0","chunk_label":"unnamed-chunk-7"},{"row":767,"row_count":1,"visible":true,"expansion_state":0,"options":{"engine":"r","label":"unnamed-chunk-166","dev":"png"},"document_id":"D7A865C2","chunk_id":"cq8bc9ki0wcmh","chunk_label":"unnamed-chunk-8"},{"row":834,"row_count":1,"visible":true,"expansion_state":0,"options":{"engine":"r","label":"unnamed-chunk-167","dev":"png"},"document_id":"D7A865C2","chunk_id":"cwnfr4jrlio5o","chunk_label":"unnamed-chunk-9"},{"row":939,"row_count":1,"visible":true,"expansion_state":0,"options":{"engine":"r","label":"unnamed-chunk-168","dev":"png"},"document_id":"D7A865C2","chunk_id":"c5ejrsbs4cjp5","chunk_label":"unnamed-chunk-10"},{"row":1112,"row_count":1,"visible":true,"expansion_state":0,"options":{"engine":"r","label":"unnamed-chunk-169","dev":"png"},"document_id":"D7A865C2","chunk_id":"cvvsjofw1mi0a","chunk_label":"unnamed-chunk-11"},{"row":1138,"row_count":1,"visible":true,"expansion_state":0,"options":{"engine":"r","label":"unnamed-chunk-158","dev":"png"},"document_id":"D7A865C2","chunk_id":"c0ggve1e58aq3","chunk_label":"unnamed-chunk-12"}],"doc_write_time":1719027479}